id,username,f_name,l_name,email,address,password,avatar,admin
81430,vseligson0,Vicki,Seligson,vseligson0@hubpages.com,4 Tomscot Road,v222-227:16bd,https://robohash.org/sitestet.png?size=200x200&set=set1,TRUE
2954,dhalfhyde1,Ddene,Halfhyde,dhalfhyde1@php.net,59 Eagan Lane,h222-064:99bc,https://robohash.org/velitutet.png?size=200x200&set=set1,TRUE
21511,mgrainge2,Marchall,Grainge,mgrainge2@alibaba.com,0843 Saint Paul Way,c222-046:19zd,https://robohash.org/sedestmagnam.png?size=200x200&set=set1,FALSE
74177,mfellow3,Milena,Fellow,mfellow3@patch.com,57139 Farwell Avenue,t222-464:41xq,https://robohash.org/etvoluptatibusconsectetur.png?size=200x200&set=set1,FALSE
77715,jhagland4,Juliana,Hagland,jhagland4@jimdo.com,11047 Lindbergh Plaza,l222-587:53ct,https://robohash.org/temporibusquiasint.png?size=200x200&set=set1,TRUE
83561,brenowden5,Ber,Renowden,brenowden5@google.com.au,8 Haas Court,h222-431:46ys,https://robohash.org/voluptatemquiexercitationem.png?size=200x200&set=set1,FALSE
61165,lbaudouin6,Lorette,Baudouin,lbaudouin6@rakuten.co.jp,99 Lyons Pass,z222-766:87fr,https://robohash.org/ipsamadipisciearum.png?size=200x200&set=set1,FALSE
35487,growntree7,Gus,Rowntree,growntree7@blogtalkradio.com,9 Northwestern Parkway,c222-858:28tz,https://robohash.org/odiositsuscipit.png?size=200x200&set=set1,FALSE
17937,dhoulworth8,Duff,Houlworth,dhoulworth8@imageshack.us,375 Killdeer Road,y222-045:13xc,https://robohash.org/optioquinihil.png?size=200x200&set=set1,FALSE
352,atrett9,Anneliese,Trett,atrett9@vimeo.com,703 Sloan Alley,v222-288:38pj,https://robohash.org/nostrumeadolore.png?size=200x200&set=set1,FALSE
74633,bondricha,Brooks,Ondrich,bondricha@flickr.com,737 Hoepker Street,g222-371:69rn,https://robohash.org/suntquivel.png?size=200x200&set=set1,TRUE
48779,sdumpletonb,Shelagh,Dumpleton,sdumpletonb@posterous.com,37 Gerald Center,s222-242:58yy,https://robohash.org/nonrecusandaeet.png?size=200x200&set=set1,FALSE
1978,ojandelc,Olivero,Jandel,ojandelc@mayoclinic.com,24981 Welch Pass,d222-275:55bk,https://robohash.org/consequaturvelhic.png?size=200x200&set=set1,FALSE
73969,glazard,Griswold,Lazar,glazard@ask.com,712 Muir Junction,s222-797:05dp,https://robohash.org/sequimagnisapiente.png?size=200x200&set=set1,TRUE
68920,arustidgee,Annice,Rustidge,arustidgee@lycos.com,80 Beilfuss Point,g222-848:29yi,https://robohash.org/quiaoditest.png?size=200x200&set=set1,TRUE
37084,kasmusf,Katuscha,Asmus,kasmusf@java.com,8176 Buhler Place,k222-482:99tb,https://robohash.org/similiquepariaturasperiores.png?size=200x200&set=set1,TRUE
84419,rferyg,Reiko,Fery,rferyg@parallels.com,041 Fuller Crossing,j222-629:91ln,https://robohash.org/culpaaspernaturet.png?size=200x200&set=set1,TRUE
12455,dpayneh,Dolly,Payne,dpayneh@youtube.com,40361 Sundown Park,u222-813:47rp,https://robohash.org/cumexpeditaquis.png?size=200x200&set=set1,TRUE
62357,oduignani,Ola,Duignan,oduignani@purevolume.com,2 Pine View Road,b222-321:14hz,https://robohash.org/eaassumendasit.png?size=200x200&set=set1,FALSE
59942,dvidlerj,Donetta,Vidler,dvidlerj@ycombinator.com,5 Westridge Park,u222-279:36mj,https://robohash.org/quidemquassaepe.png?size=200x200&set=set1,FALSE
73580,kpindredk,Kingston,Pindred,kpindredk@unc.edu,417 Schurz Junction,m222-038:20yy,https://robohash.org/consequaturatsunt.png?size=200x200&set=set1,TRUE
94694,rdowderswelll,Reuben,Dowderswell,rdowderswelll@skype.com,80593 Valley Edge Circle,c222-737:22yt,https://robohash.org/doloresabenim.png?size=200x200&set=set1,FALSE
92775,naleksidzem,Ninon,Aleksidze,naleksidzem@xrea.com,5 Holy Cross Way,m222-782:11fq,https://robohash.org/molestiaequibusdamut.png?size=200x200&set=set1,TRUE
8009,awyldboren,Arabele,Wyldbore,awyldboren@odnoklassniki.ru,14 Cordelia Road,d222-610:31uc,https://robohash.org/indelenitiut.png?size=200x200&set=set1,FALSE
14874,mcanwello,Mary,Canwell,mcanwello@fda.gov,13833 Ridgeway Point,h222-535:57pr,https://robohash.org/temporequisquamquos.png?size=200x200&set=set1,TRUE
13096,hdemkowiczp,Heath,Demkowicz,hdemkowiczp@engadget.com,31 Columbus Junction,d222-682:36xj,https://robohash.org/voluptatemvoluptatemtemporibus.png?size=200x200&set=set1,TRUE
15450,sespadateq,Sandor,Espadate,sespadateq@naver.com,6031 Granby Drive,i222-418:96qc,https://robohash.org/remetest.png?size=200x200&set=set1,TRUE
54665,lbewshear,Larry,Bewshea,lbewshear@sfgate.com,606 East Point,v222-163:51va,https://robohash.org/consequaturquiamolestiae.png?size=200x200&set=set1,FALSE
55699,rcheneys,Rudd,Cheney,rcheneys@msu.edu,7 Sullivan Park,z222-322:93kq,https://robohash.org/sequiimpediteum.png?size=200x200&set=set1,TRUE
6314,sbarbeyt,Sharyl,Barbey,sbarbeyt@google.it,756 Laurel Road,t222-656:34jy,https://robohash.org/quinonab.png?size=200x200&set=set1,FALSE
9092,nmattholieu,Nedi,Mattholie,nmattholieu@youku.com,2 Calypso Court,n222-582:45gg,https://robohash.org/consecteturnequesed.png?size=200x200&set=set1,TRUE
49284,ghealev,Gwenneth,Heale,ghealev@google.nl,42112 Buhler Place,h222-867:87dv,https://robohash.org/ututrerum.png?size=200x200&set=set1,FALSE
11993,fmcdellw,Faith,McDell,fmcdellw@timesonline.co.uk,9 Forest Run Hill,w222-374:58ny,https://robohash.org/quisquamsitquis.png?size=200x200&set=set1,TRUE
869,wkingx,Wadsworth,King,wkingx@istockphoto.com,9 Briar Crest Parkway,o222-770:07ua,https://robohash.org/eaquilaborum.png?size=200x200&set=set1,FALSE
96688,pgoddardy,Pierette,Goddard,pgoddardy@answers.com,0 Lyons Crossing,k222-459:80ph,https://robohash.org/odittemporepariatur.png?size=200x200&set=set1,TRUE
21623,rpowtonz,Rosemarie,Powton,rpowtonz@sakura.ne.jp,7 Westerfield Junction,z222-128:87zf,https://robohash.org/voluptateeaet.png?size=200x200&set=set1,TRUE
1492,sleyson10,Shir,Leyson,sleyson10@guardian.co.uk,90 Warbler Hill,s222-093:28fx,https://robohash.org/quisutut.png?size=200x200&set=set1,FALSE
38269,jharcourt11,Joya,Harcourt,jharcourt11@examiner.com,1 Delladonna Center,l222-022:99lh,https://robohash.org/quisexplicabofugiat.png?size=200x200&set=set1,TRUE
83010,lheys12,Leoline,Heys,lheys12@earthlink.net,9818 Kedzie Crossing,n222-138:31ld,https://robohash.org/perferendisnondolorum.png?size=200x200&set=set1,TRUE
27708,ckubes13,Carolyne,Kubes,ckubes13@comsenz.com,8 Muir Junction,x222-634:76wq,https://robohash.org/veniamautitaque.png?size=200x200&set=set1,TRUE
55091,dbrookes14,Davey,Brookes,dbrookes14@exblog.jp,87836 Norway Maple Terrace,t222-396:37cm,https://robohash.org/teneturlaudantiumsed.png?size=200x200&set=set1,FALSE
61642,arudall15,Angela,Rudall,arudall15@list-manage.com,694 Schmedeman Junction,p222-672:22ch,https://robohash.org/assumendalaudantiumaccusantium.png?size=200x200&set=set1,FALSE
50246,gboother16,Garnette,Boother,gboother16@cloudflare.com,0733 Dayton Terrace,p222-452:20ry,https://robohash.org/illoquosconsequatur.png?size=200x200&set=set1,TRUE
70476,dlermouth17,Dun,Lermouth,dlermouth17@upenn.edu,79 Burning Wood Circle,t222-409:59lw,https://robohash.org/eosporroprovident.png?size=200x200&set=set1,FALSE
60210,aallsop18,Arlyn,Allsop,aallsop18@skype.com,90265 Village Alley,f222-980:11kt,https://robohash.org/dolorautest.png?size=200x200&set=set1,FALSE
8398,bcrampsey19,Benedetto,Crampsey,bcrampsey19@themeforest.net,4 Clyde Gallagher Circle,y222-280:91es,https://robohash.org/distinctiocumnon.png?size=200x200&set=set1,FALSE
61621,rassiter1a,Raul,Assiter,rassiter1a@netlog.com,52683 5th Hill,j222-192:64rl,https://robohash.org/velitdolorratione.png?size=200x200&set=set1,TRUE
98707,dverity1b,Dayle,Verity,dverity1b@npr.org,60574 Johnson Place,r222-969:68hz,https://robohash.org/quiaharumaut.png?size=200x200&set=set1,TRUE
54901,scamock1c,Stanislas,Camock,scamock1c@psu.edu,78742 Dwight Plaza,a222-515:70cz,https://robohash.org/distinctiototamexplicabo.png?size=200x200&set=set1,TRUE
45807,bduester1d,Brennen,Duester,bduester1d@msu.edu,10260 Independence Avenue,p222-495:99sa,https://robohash.org/quiutconsequatur.png?size=200x200&set=set1,TRUE
50420,sphoenix1e,Shamus,Phoenix,sphoenix1e@wordpress.org,192 Towne Drive,v222-756:87my,https://robohash.org/quinatusnemo.png?size=200x200&set=set1,TRUE
29199,ahise1f,Andee,Hise,ahise1f@ihg.com,207 Hanover Point,u222-001:43pz,https://robohash.org/facereetsequi.png?size=200x200&set=set1,FALSE
10771,flairdcraig1g,Feliks,Laird-Craig,flairdcraig1g@kickstarter.com,93 Amoth Way,t222-852:25dt,https://robohash.org/atquelaudantiumsunt.png?size=200x200&set=set1,FALSE
49907,awalton1h,Alta,Walton,awalton1h@cargocollective.com,56941 Kingsford Street,m222-226:48wt,https://robohash.org/temporafacerererum.png?size=200x200&set=set1,FALSE
14433,aohare1i,Adam,O'Hare,aohare1i@jalbum.net,5 Northfield Court,v222-198:76sa,https://robohash.org/consectetursapienteex.png?size=200x200&set=set1,FALSE
59437,csoaper1j,Clarance,Soaper,csoaper1j@ucsd.edu,4 Duke Junction,q222-165:49hj,https://robohash.org/repellatevenietquos.png?size=200x200&set=set1,TRUE
28293,ncrenage1k,Neala,Crenage,ncrenage1k@squarespace.com,17 Novick Parkway,r222-855:79qp,https://robohash.org/inventoreautrepellendus.png?size=200x200&set=set1,TRUE
12958,emawby1l,Eugenia,Mawby,emawby1l@geocities.jp,1 Waubesa Center,q222-541:41tm,https://robohash.org/sintautemest.png?size=200x200&set=set1,FALSE
45922,tjeannel1m,Thaine,Jeannel,tjeannel1m@shareasale.com,16 Warner Center,m222-926:38ge,https://robohash.org/fugaasperioresquo.png?size=200x200&set=set1,TRUE
53060,jbendall1n,Jacqui,Bendall,jbendall1n@wikispaces.com,075 Hudson Circle,y222-205:91ew,https://robohash.org/facerenamperferendis.png?size=200x200&set=set1,TRUE
1133,eewdale1o,Etienne,Ewdale,eewdale1o@intel.com,084 Sommers Crossing,n222-116:38dk,https://robohash.org/inventoreillumea.png?size=200x200&set=set1,TRUE
66234,igadsdon1p,Irving,Gadsdon,igadsdon1p@issuu.com,907 Paget Circle,n222-298:91do,https://robohash.org/eavelsed.png?size=200x200&set=set1,FALSE
54574,mmckennan1q,Marget,McKennan,mmckennan1q@dedecms.com,42 Westridge Terrace,b222-036:86lg,https://robohash.org/placeatquiaut.png?size=200x200&set=set1,FALSE
16436,mrackley1r,Modestia,Rackley,mrackley1r@reverbnation.com,512 Fordem Circle,r222-573:53yd,https://robohash.org/temporaetdoloribus.png?size=200x200&set=set1,FALSE
37553,epiggrem1s,Elden,Piggrem,epiggrem1s@marketwatch.com,264 Blackbird Drive,i222-985:39tw,https://robohash.org/estconsequaturveniam.png?size=200x200&set=set1,TRUE
36179,gflynn1t,Gearard,Flynn,gflynn1t@360.cn,7201 Clarendon Alley,t222-643:59wo,https://robohash.org/similiquevoluptatumnesciunt.png?size=200x200&set=set1,FALSE
37880,jbartozzi1u,Jameson,Bartozzi,jbartozzi1u@umich.edu,09 Heffernan Crossing,p222-144:01lv,https://robohash.org/nihilminimatotam.png?size=200x200&set=set1,TRUE
78958,kradbourn1v,Kingsley,Radbourn,kradbourn1v@ezinearticles.com,410 Petterle Drive,b222-633:06pa,https://robohash.org/aliassimiliquecorporis.png?size=200x200&set=set1,FALSE
69981,jmcterrelly1w,Jereme,McTerrelly,jmcterrelly1w@xrea.com,492 Dryden Lane,o222-181:68rc,https://robohash.org/sintassumendavelit.png?size=200x200&set=set1,FALSE
77200,rmounce1x,Rosina,Mounce,rmounce1x@miitbeian.gov.cn,5 Lien Drive,n222-164:71it,https://robohash.org/similiquevoluptateperferendis.png?size=200x200&set=set1,TRUE
33031,rbilton1y,Ruthann,Bilton,rbilton1y@drupal.org,38 Stoughton Road,t222-299:89kr,https://robohash.org/quononinventore.png?size=200x200&set=set1,TRUE
31155,hharpham1z,Hallie,Harpham,hharpham1z@merriam-webster.com,58386 Algoma Point,v222-858:03io,https://robohash.org/sedquamodio.png?size=200x200&set=set1,FALSE
36519,ldubery20,Lamond,Dubery,ldubery20@tripod.com,7 Golf Alley,i222-240:16bw,https://robohash.org/minuseossed.png?size=200x200&set=set1,FALSE
87745,fmcbrearty21,Farah,McBrearty,fmcbrearty21@elpais.com,18 Ludington Park,g222-367:48ex,https://robohash.org/eautexplicabo.png?size=200x200&set=set1,FALSE
16021,kmcrobbie22,Kendall,McRobbie,kmcrobbie22@thetimes.co.uk,330 Nova Parkway,h222-449:46pw,https://robohash.org/enimtemporevoluptatum.png?size=200x200&set=set1,TRUE
98055,iwissby23,Ines,Wissby,iwissby23@trellian.com,451 Oriole Junction,l222-436:53vl,https://robohash.org/debitismolestiaseos.png?size=200x200&set=set1,FALSE
56344,cburr24,Costa,Burr,cburr24@macromedia.com,0561 Clarendon Crossing,n222-180:74ql,https://robohash.org/veroestesse.png?size=200x200&set=set1,TRUE
31257,tcommings25,Teddi,Commings,tcommings25@shinystat.com,0 Ilene Hill,g222-585:62qe,https://robohash.org/voluptatemisteiusto.png?size=200x200&set=set1,TRUE
9124,zhassekl26,Zonda,Hassekl,zhassekl26@cisco.com,94406 Mcguire Hill,m222-470:25gz,https://robohash.org/voluptatibusrerumfacere.png?size=200x200&set=set1,TRUE
43973,kkays27,Katee,Kays,kkays27@g.co,9 Magdeline Street,b222-139:46mz,https://robohash.org/quaeratevenietvoluptate.png?size=200x200&set=set1,FALSE
76390,poades28,Pietro,Oades,poades28@cbc.ca,261 Northport Plaza,t222-569:57ib,https://robohash.org/utestest.png?size=200x200&set=set1,TRUE
46190,rredmore29,Row,Redmore,rredmore29@odnoklassniki.ru,73951 Vernon Junction,z222-564:45in,https://robohash.org/saepesolutaveritatis.png?size=200x200&set=set1,TRUE
28887,sjakolevitch2a,Shalna,Jakolevitch,sjakolevitch2a@cargocollective.com,91892 Bunting Parkway,p222-430:43aj,https://robohash.org/uteaqueet.png?size=200x200&set=set1,TRUE
21003,pdellcasa2b,Pascale,Dell Casa,pdellcasa2b@networkadvertising.org,8 Grasskamp Street,s222-065:26gz,https://robohash.org/eiusquamrerum.png?size=200x200&set=set1,FALSE
91870,ggouldbourn2c,Gus,Gouldbourn,ggouldbourn2c@mail.ru,99 Lyons Court,c222-417:37ac,https://robohash.org/inquidemea.png?size=200x200&set=set1,FALSE
76417,viley2d,Vannie,Iley,viley2d@patch.com,8762 Lawn Circle,a222-271:90ys,https://robohash.org/harumsitqui.png?size=200x200&set=set1,FALSE
9032,oshellsheere2e,Onfre,Shellsheere,oshellsheere2e@ameblo.jp,56 Warbler Place,k222-187:77ao,https://robohash.org/officiisplaceatrepellendus.png?size=200x200&set=set1,TRUE
84132,cwinters2f,Clint,Winters,cwinters2f@yandex.ru,435 Dexter Parkway,g222-527:32ua,https://robohash.org/quamquinemo.png?size=200x200&set=set1,TRUE
54725,kpymer2g,Krystalle,Pymer,kpymer2g@blogs.com,819 Summer Ridge Hill,g222-163:78bq,https://robohash.org/reprehenderitsintoccaecati.png?size=200x200&set=set1,TRUE
32728,mmolines2h,Maryl,Molines,mmolines2h@icq.com,03015 Warbler Parkway,g222-076:89sl,https://robohash.org/quonihilaut.png?size=200x200&set=set1,TRUE
47818,gridgwell2i,Gifford,Ridgwell,gridgwell2i@infoseek.co.jp,516 Bellgrove Circle,l222-340:45cv,https://robohash.org/etquoat.png?size=200x200&set=set1,FALSE
57475,gsirkett2j,Guillaume,Sirkett,gsirkett2j@globo.com,7 Dottie Pass,u222-682:97wb,https://robohash.org/abaliquiddolores.png?size=200x200&set=set1,TRUE
54876,chayes2k,Chelsae,Hayes,chayes2k@ehow.com,8 8th Circle,s222-154:82jg,https://robohash.org/quaeratmolestiaenostrum.png?size=200x200&set=set1,FALSE
35972,mdunge2l,Merralee,Dunge,mdunge2l@soundcloud.com,32265 Veith Place,h222-627:63xl,https://robohash.org/quisipsumsapiente.png?size=200x200&set=set1,TRUE
47477,ljeffree2m,Letta,Jeffree,ljeffree2m@last.fm,092 Park Meadow Parkway,l222-937:78sm,https://robohash.org/minusmagnamea.png?size=200x200&set=set1,TRUE
58574,dmarland2n,Danyelle,Marland,dmarland2n@flavors.me,7 Lake View Place,c222-987:94tz,https://robohash.org/quoeanihil.png?size=200x200&set=set1,TRUE
37186,ntumbridge2o,Nealy,Tumbridge,ntumbridge2o@bloglovin.com,23 Lillian Crossing,l222-451:02jf,https://robohash.org/temporaipsarepudiandae.png?size=200x200&set=set1,FALSE
86437,pitzcak2p,Pasquale,Itzcak,pitzcak2p@ft.com,93900 Cottonwood Point,k222-447:80qb,https://robohash.org/doloresinciduntvelit.png?size=200x200&set=set1,TRUE
2860,rkuhn2q,Rolph,Kuhn,rkuhn2q@nba.com,92384 Hanson Way,q222-554:87eg,https://robohash.org/doloremvoluptascupiditate.png?size=200x200&set=set1,FALSE
13947,eeaglesham2r,Ed,Eaglesham,eeaglesham2r@sfgate.com,5845 Myrtle Avenue,c222-150:02in,https://robohash.org/estveritatisneque.png?size=200x200&set=set1,FALSE
64829,rcleynaert2s,Revkah,Cleynaert,rcleynaert2s@pagesperso-orange.fr,45 Dayton Pass,e222-785:42qq,https://robohash.org/cupiditateavoluptates.png?size=200x200&set=set1,TRUE
97539,egaddie2t,Emelda,Gaddie,egaddie2t@simplemachines.org,0371 Amoth Lane,j222-513:02nf,https://robohash.org/voluptatumquidemrecusandae.png?size=200x200&set=set1,FALSE
31801,zpoulney2u,Zelma,Poulney,zpoulney2u@spiegel.de,60649 Elgar Hill,g222-568:55nc,https://robohash.org/reprehenderitnemoea.png?size=200x200&set=set1,TRUE
62114,adovydenas2v,Anjela,Dovydenas,adovydenas2v@soup.io,60412 Dwight Place,t222-042:98fo,https://robohash.org/omnisrepellendusdeleniti.png?size=200x200&set=set1,TRUE
86796,jtures2w,Jeanna,Tures,jtures2w@timesonline.co.uk,39842 Saint Paul Way,z222-789:21vm,https://robohash.org/etenimest.png?size=200x200&set=set1,TRUE
75321,iainger2x,Isidro,Ainger,iainger2x@psu.edu,3032 Canary Avenue,u222-163:63hp,https://robohash.org/aperiamquisquamminus.png?size=200x200&set=set1,TRUE
82704,dcordero2y,Deeyn,Cordero,dcordero2y@hao123.com,73 Carioca Alley,f222-423:26vs,https://robohash.org/voluptatesutaliquid.png?size=200x200&set=set1,FALSE
21377,ekunze2z,Elston,Kunze,ekunze2z@51.la,3888 Southridge Junction,s222-697:18ve,https://robohash.org/doloribusevenietin.png?size=200x200&set=set1,TRUE
70590,mkhristyukhin30,Micky,Khristyukhin,mkhristyukhin30@flickr.com,248 Green Ridge Circle,k222-634:68bb,https://robohash.org/occaecatiinnemo.png?size=200x200&set=set1,FALSE
8456,dbutteris31,Dedie,Butteris,dbutteris31@free.fr,1 Thierer Court,q222-831:14aj,https://robohash.org/voluptatumrepellendussit.png?size=200x200&set=set1,FALSE
18829,jdowngate32,Judith,Downgate,jdowngate32@earthlink.net,3427 Loeprich Avenue,n222-557:81be,https://robohash.org/occaecativoluptasaut.png?size=200x200&set=set1,FALSE
16548,kcarmen33,Kit,Carmen,kcarmen33@ifeng.com,3433 Dayton Parkway,j222-012:55qx,https://robohash.org/doloribusaliquamfacere.png?size=200x200&set=set1,FALSE
31032,cbougen34,Channa,Bougen,cbougen34@gravatar.com,5547 Veith Way,b222-567:35gl,https://robohash.org/similiqueatquedolorum.png?size=200x200&set=set1,TRUE
89886,mredfield35,Mitchell,Redfield,mredfield35@hostgator.com,7 Columbus Park,k222-108:59mo,https://robohash.org/totambeataeaut.png?size=200x200&set=set1,TRUE
92112,mofield36,Muffin,Ofield,mofield36@tuttocitta.it,077 Sommers Parkway,e222-675:97tp,https://robohash.org/sitducimustotam.png?size=200x200&set=set1,TRUE
59778,hparke37,Herbie,Parke,hparke37@de.vu,74191 Buena Vista Center,q222-778:19oa,https://robohash.org/quiaatquebeatae.png?size=200x200&set=set1,FALSE
19627,anevinson38,Ari,Nevinson,anevinson38@gnu.org,7570 Becker Hill,m222-684:50dj,https://robohash.org/voluptaseumculpa.png?size=200x200&set=set1,TRUE
9252,prutherfoord39,Paddy,Rutherfoord,prutherfoord39@newyorker.com,74678 Mifflin Avenue,f222-394:26mh,https://robohash.org/quiafugiatqui.png?size=200x200&set=set1,TRUE
46739,kcorwin3a,Karie,Corwin,kcorwin3a@vimeo.com,5 Derek Road,x222-699:74ys,https://robohash.org/illummaioresaut.png?size=200x200&set=set1,TRUE
98523,cpassman3b,Chelsey,Passman,cpassman3b@tamu.edu,88 Victoria Alley,d222-045:31wd,https://robohash.org/ducimusplaceatest.png?size=200x200&set=set1,FALSE
33099,vgimenez3c,Vicky,Gimenez,vgimenez3c@hc360.com,159 Independence Avenue,t222-341:73ot,https://robohash.org/sequitotamquia.png?size=200x200&set=set1,FALSE
38773,gmildner3d,Gabby,Mildner,gmildner3d@people.com.cn,647 Stang Point,f222-270:58qm,https://robohash.org/ullamblanditiissed.png?size=200x200&set=set1,FALSE
22136,lchalker3e,Lemmie,Chalker,lchalker3e@furl.net,76496 Muir Street,s222-308:55jh,https://robohash.org/eaqueutet.png?size=200x200&set=set1,TRUE
48897,mleathwood3f,Milty,Leathwood,mleathwood3f@canalblog.com,49011 Meadow Ridge Street,e222-360:09ze,https://robohash.org/reiciendisquisquamoccaecati.png?size=200x200&set=set1,FALSE
10379,shenighan3g,Sue,Henighan,shenighan3g@auda.org.au,2613 Burning Wood Point,q222-761:54qx,https://robohash.org/maioresetquae.png?size=200x200&set=set1,FALSE
62424,rbiffen3h,Reynolds,Biffen,rbiffen3h@theglobeandmail.com,1 Morningstar Avenue,y222-291:35im,https://robohash.org/temporibusnisiet.png?size=200x200&set=set1,FALSE
38978,mlindroos3i,Margarita,Lindroos,mlindroos3i@techcrunch.com,0 Lillian Center,k222-780:73hr,https://robohash.org/suntveritatisdelectus.png?size=200x200&set=set1,FALSE
9277,rchapell3j,Richardo,Chapell,rchapell3j@deliciousdays.com,2 Talmadge Crossing,d222-099:96qz,https://robohash.org/etsittemporibus.png?size=200x200&set=set1,TRUE
65388,brigeby3k,Bartholomeus,Rigeby,brigeby3k@redcross.org,4 Cherokee Circle,p222-809:06ng,https://robohash.org/eumconsequaturdoloremque.png?size=200x200&set=set1,TRUE
54156,kwitcombe3l,Kalle,Witcombe,kwitcombe3l@disqus.com,83716 Sloan Hill,o222-408:46nr,https://robohash.org/estpraesentiumsit.png?size=200x200&set=set1,FALSE
65225,lmccleod3m,Lindsey,McCleod,lmccleod3m@sina.com.cn,52687 Texas Place,z222-831:24tz,https://robohash.org/etvelitdolorem.png?size=200x200&set=set1,FALSE
77991,sjachimak3n,Sax,Jachimak,sjachimak3n@fastcompany.com,763 Milwaukee Lane,z222-123:08av,https://robohash.org/laborequiadolores.png?size=200x200&set=set1,TRUE
69412,ghacquoil3o,Gladi,Hacquoil,ghacquoil3o@yelp.com,2159 Kropf Hill,t222-163:39ip,https://robohash.org/voluptatemnemoveritatis.png?size=200x200&set=set1,FALSE
55301,clissaman3p,Chery,Lissaman,clissaman3p@pagesperso-orange.fr,2 Elgar Crossing,m222-557:93ff,https://robohash.org/numquamaperiamquas.png?size=200x200&set=set1,TRUE
20415,jpassler3q,Jessica,Passler,jpassler3q@360.cn,27 Novick Hill,l222-394:91hi,https://robohash.org/aistehic.png?size=200x200&set=set1,TRUE
15482,caksell3r,Clarisse,Aksell,caksell3r@irs.gov,4 Magdeline Crossing,w222-625:10rt,https://robohash.org/undedignissimossed.png?size=200x200&set=set1,FALSE
67300,bwhicher3s,Burk,Whicher,bwhicher3s@networkadvertising.org,051 Surrey Drive,t222-574:46ds,https://robohash.org/asperioresuttempore.png?size=200x200&set=set1,FALSE
4537,lgianinotti3t,Leroi,Gianinotti,lgianinotti3t@blog.com,2183 Mendota Lane,p222-605:55cw,https://robohash.org/quoundequo.png?size=200x200&set=set1,TRUE
74689,rgower3u,Robbert,Gower,rgower3u@npr.org,18418 Darwin Crossing,u222-882:65yc,https://robohash.org/aliastemporapraesentium.png?size=200x200&set=set1,FALSE
20774,eohallihane3v,Evangeline,O'Hallihane,eohallihane3v@oaic.gov.au,48 Ohio Parkway,d222-439:00ec,https://robohash.org/namillumveritatis.png?size=200x200&set=set1,TRUE
37502,bmellor3w,Benji,Mellor,bmellor3w@360.cn,4931 Golf Course Hill,e222-796:25ho,https://robohash.org/voluptatibusnonomnis.png?size=200x200&set=set1,TRUE
18767,akreutzer3x,Andrea,Kreutzer,akreutzer3x@google.com.au,4 Springs Junction,q222-539:48ym,https://robohash.org/voluptatumnatustempora.png?size=200x200&set=set1,TRUE
45354,aerni3y,Anne,Erni,aerni3y@cnbc.com,112 Northview Drive,j222-364:82oo,https://robohash.org/quibusdamdoloremporro.png?size=200x200&set=set1,FALSE
97448,cnice3z,Carver,Nice,cnice3z@guardian.co.uk,7876 Scott Center,g222-813:98vq,https://robohash.org/repudiandaeatquecumque.png?size=200x200&set=set1,FALSE
19850,ldurand40,Lise,Durand,ldurand40@scribd.com,9014 Luster Drive,g222-445:25wi,https://robohash.org/ipsumvoluptatemet.png?size=200x200&set=set1,FALSE
57727,aalleway41,Alain,Alleway,aalleway41@fda.gov,9 Fisk Parkway,a222-759:18qm,https://robohash.org/debitiscorporisbeatae.png?size=200x200&set=set1,TRUE
3609,cwinkless42,Cal,Winkless,cwinkless42@google.cn,61571 Mandrake Point,x222-206:37ey,https://robohash.org/quisdoloresdolore.png?size=200x200&set=set1,TRUE
86579,rjerrome43,Ruddy,Jerrome,rjerrome43@wikia.com,3317 Di Loreto Street,p222-265:80fd,https://robohash.org/autvoluptaseum.png?size=200x200&set=set1,TRUE
91324,tprobbing44,Tyler,Probbing,tprobbing44@lulu.com,1 Texas Point,t222-238:22kr,https://robohash.org/evenietnumquamex.png?size=200x200&set=set1,FALSE
79445,ccabbell45,Christoforo,Cabbell,ccabbell45@timesonline.co.uk,9 Nelson Parkway,t222-083:76sa,https://robohash.org/voluptatemautprovident.png?size=200x200&set=set1,TRUE
91125,jfearn46,Jone,Fearn,jfearn46@yelp.com,5103 Cambridge Avenue,y222-132:31fz,https://robohash.org/sapientedignissimosquia.png?size=200x200&set=set1,TRUE
11211,lphillot47,Lucie,Phillot,lphillot47@photobucket.com,757 Surrey Terrace,k222-070:87vf,https://robohash.org/illumdeseruntquia.png?size=200x200&set=set1,TRUE
85010,rgowanson48,Rubia,Gowanson,rgowanson48@admin.ch,7 Rusk Street,p222-313:64hs,https://robohash.org/delectusautcupiditate.png?size=200x200&set=set1,TRUE
52302,trosbrough49,Thebault,Rosbrough,trosbrough49@vkontakte.ru,8 2nd Court,w222-007:67kv,https://robohash.org/idlaboriosamvelit.png?size=200x200&set=set1,TRUE
76285,bloving4a,Bennie,Loving,bloving4a@mac.com,911 Westport Alley,b222-217:68sp,https://robohash.org/suntidvitae.png?size=200x200&set=set1,TRUE
92013,ncubbin4b,Nil,Cubbin,ncubbin4b@cafepress.com,9 Bluejay Point,r222-097:85in,https://robohash.org/consequaturametpossimus.png?size=200x200&set=set1,FALSE
14684,eglanister4c,Errol,Glanister,eglanister4c@wix.com,3029 Monterey Point,q222-591:75qh,https://robohash.org/estvelet.png?size=200x200&set=set1,TRUE
5946,hpinkerton4d,Helaine,Pinkerton,hpinkerton4d@hibu.com,3586 Dixon Park,x222-475:13if,https://robohash.org/eumnequeharum.png?size=200x200&set=set1,TRUE
80869,rhaliday4e,Roth,Haliday,rhaliday4e@stanford.edu,5786 Forest Dale Lane,o222-492:25qe,https://robohash.org/consequaturutsed.png?size=200x200&set=set1,FALSE
27961,jwitchell4f,Jaclin,Witchell,jwitchell4f@so-net.ne.jp,1546 Pepper Wood Terrace,x222-966:58oj,https://robohash.org/quiadebitismolestias.png?size=200x200&set=set1,FALSE
51218,hrubinovitsch4g,Helsa,Rubinovitsch,hrubinovitsch4g@csmonitor.com,0339 Steensland Point,n222-838:38my,https://robohash.org/etutomnis.png?size=200x200&set=set1,TRUE
61933,cdoogue4h,Cherey,Doogue,cdoogue4h@cdbaby.com,49 Cardinal Pass,b222-126:94uc,https://robohash.org/nisivelreiciendis.png?size=200x200&set=set1,FALSE
25906,tmacavddy4i,Torrin,MacAvddy,tmacavddy4i@slideshare.net,141 Manley Avenue,e222-387:77xi,https://robohash.org/quimaioresquia.png?size=200x200&set=set1,FALSE
99663,scorless4j,Stanleigh,Corless,scorless4j@goo.gl,43 Redwing Crossing,x222-517:83uj,https://robohash.org/atquequisit.png?size=200x200&set=set1,FALSE
49154,izanussii4k,Iseabal,Zanussii,izanussii4k@wunderground.com,035 Forest Dale Parkway,c222-916:55iz,https://robohash.org/exvoluptatemdicta.png?size=200x200&set=set1,TRUE
53365,jsahnow4l,Judy,Sahnow,jsahnow4l@123-reg.co.uk,78810 Ryan Plaza,i222-877:36ge,https://robohash.org/undepossimussed.png?size=200x200&set=set1,FALSE
38960,iforestel4m,Isaac,Forestel,iforestel4m@imageshack.us,74470 Jackson Street,j222-816:91ht,https://robohash.org/dolorerrorlabore.png?size=200x200&set=set1,FALSE
16784,ogerty4n,Ozzy,Gerty,ogerty4n@histats.com,38 Village Crossing,s222-795:12tp,https://robohash.org/voluptatequisoluta.png?size=200x200&set=set1,TRUE
17005,jpantry4o,Jarib,Pantry,jpantry4o@va.gov,12469 Moland Court,m222-894:46qy,https://robohash.org/enimaccusantiumnostrum.png?size=200x200&set=set1,FALSE
91752,kbissiker4p,Kerry,Bissiker,kbissiker4p@google.com.hk,43 Warner Drive,a222-551:30aa,https://robohash.org/autdoloredolorem.png?size=200x200&set=set1,FALSE
19997,mbessom4q,Mohandis,Bessom,mbessom4q@yahoo.co.jp,19 Dixon Parkway,v222-970:91ra,https://robohash.org/necessitatibustemporeenim.png?size=200x200&set=set1,TRUE
57915,crutley4r,Corri,Rutley,crutley4r@blogtalkradio.com,86 Morningstar Avenue,t222-046:44xo,https://robohash.org/veniamvoluptatibusaut.png?size=200x200&set=set1,TRUE
73979,smardall4s,Stanislas,Mardall,smardall4s@rambler.ru,07 Schmedeman Plaza,r222-267:34ki,https://robohash.org/istevelvoluptas.png?size=200x200&set=set1,TRUE
52144,mmoynham4t,Marya,Moynham,mmoynham4t@g.co,3878 Westerfield Court,n222-827:84ot,https://robohash.org/sedexcepturisit.png?size=200x200&set=set1,FALSE
23348,rlordon4u,Rhodia,Lordon,rlordon4u@tumblr.com,7592 Sloan Terrace,i222-447:77mt,https://robohash.org/nemonostrumfacere.png?size=200x200&set=set1,FALSE
79648,sborges4v,Shanna,Borges,sborges4v@squidoo.com,8 Maryland Crossing,b222-302:66fq,https://robohash.org/temporibusfugitvoluptatibus.png?size=200x200&set=set1,FALSE
31186,mwink4w,Myranda,Wink,mwink4w@latimes.com,5 Del Sol Avenue,g222-400:95uc,https://robohash.org/quibusdamconsequaturarchitecto.png?size=200x200&set=set1,TRUE
54158,wdrover4x,Willi,Drover,wdrover4x@ihg.com,5 Delladonna Alley,e222-911:43yl,https://robohash.org/quisquaeratassumenda.png?size=200x200&set=set1,TRUE
18099,rreford4y,Ruprecht,Reford,rreford4y@home.pl,488 Atwood Drive,c222-216:94fu,https://robohash.org/veniamnecessitatibusinventore.png?size=200x200&set=set1,FALSE
55826,gstonner4z,Giffie,Stonner,gstonner4z@wiley.com,815 Kim Lane,w222-427:37ep,https://robohash.org/velitlaboreut.png?size=200x200&set=set1,FALSE
10195,rbene50,Rea,Bene,rbene50@irs.gov,012 Annamark Terrace,k222-199:65kh,https://robohash.org/velitoditest.png?size=200x200&set=set1,TRUE
80490,tpogg51,Tony,Pogg,tpogg51@google.cn,57 Ridgeview Street,q222-357:63gi,https://robohash.org/remnecessitatibusdelectus.png?size=200x200&set=set1,FALSE
55242,smullard52,Savina,Mullard,smullard52@tripadvisor.com,01 Heath Lane,w222-893:94ed,https://robohash.org/dolorumeaqueamet.png?size=200x200&set=set1,TRUE
76022,vscanlon53,Vera,Scanlon,vscanlon53@domainmarket.com,1936 Glacier Hill Way,l222-861:04by,https://robohash.org/praesentiumplaceatnulla.png?size=200x200&set=set1,FALSE
77382,btibalt54,Ber,Tibalt,btibalt54@toplist.cz,8 Hayes Hill,t222-139:30vp,https://robohash.org/utexercitationemeligendi.png?size=200x200&set=set1,TRUE
31208,ecosslett55,Eliza,Cosslett,ecosslett55@gov.uk,545 Pond Crossing,z222-501:26hh,https://robohash.org/magnisitodit.png?size=200x200&set=set1,TRUE
72187,bsheals56,Bear,Sheals,bsheals56@dropbox.com,8753 Hoard Terrace,u222-208:67oj,https://robohash.org/autemrecusandaeperferendis.png?size=200x200&set=set1,FALSE
81117,gwillmett57,Gustavo,Willmett,gwillmett57@uiuc.edu,23658 Barnett Place,n222-834:81ej,https://robohash.org/molestiaequisassumenda.png?size=200x200&set=set1,FALSE
32318,ehulburt58,Erin,Hulburt,ehulburt58@twitpic.com,52 New Castle Plaza,u222-612:12ox,https://robohash.org/verorepellendusnemo.png?size=200x200&set=set1,FALSE
62270,rlaidel59,Rochelle,Laidel,rlaidel59@shinystat.com,82569 Fisk Place,c222-085:71je,https://robohash.org/quosedaliquam.png?size=200x200&set=set1,FALSE
58333,kgoding5a,Kirby,Goding,kgoding5a@gravatar.com,2 Messerschmidt Parkway,z222-381:40qj,https://robohash.org/evenietoptiovoluptas.png?size=200x200&set=set1,TRUE
46146,bpampling5b,Blaire,Pampling,bpampling5b@sitemeter.com,4 Raven Junction,e222-691:37ci,https://robohash.org/reprehenderitfugitsint.png?size=200x200&set=set1,TRUE
78401,kdonneely5c,Kaylyn,Donneely,kdonneely5c@army.mil,438 Holy Cross Place,i222-249:89sh,https://robohash.org/utadunde.png?size=200x200&set=set1,TRUE
26146,cfortye5d,Cherey,Fortye,cfortye5d@addtoany.com,78 Del Mar Trail,q222-890:90xs,https://robohash.org/dolorumquisalias.png?size=200x200&set=set1,FALSE
69293,fmarcq5e,Frasco,Marcq,fmarcq5e@soup.io,6129 Southridge Trail,d222-333:43fh,https://robohash.org/nihilaccusamusquasi.png?size=200x200&set=set1,FALSE
9140,mparman5f,Maurise,Parman,mparman5f@ustream.tv,2 Dahle Avenue,y222-746:73vo,https://robohash.org/laudantiumblanditiisautem.png?size=200x200&set=set1,TRUE
77298,cvongladbach5g,Clemmie,Von Gladbach,cvongladbach5g@msu.edu,46530 Hallows Center,a222-953:18es,https://robohash.org/consequaturassumendaut.png?size=200x200&set=set1,FALSE
99444,slyster5h,Swen,Lyster,slyster5h@networkadvertising.org,196 Sullivan Hill,l222-279:30lk,https://robohash.org/aliasrerumtemporibus.png?size=200x200&set=set1,TRUE
77905,mmosen5i,Marjorie,Mosen,mmosen5i@nature.com,90102 8th Lane,z222-579:53vf,https://robohash.org/velitpossimuset.png?size=200x200&set=set1,TRUE
2698,emarskell5j,Eldridge,Marskell,emarskell5j@patch.com,07 Leroy Park,a222-788:59lh,https://robohash.org/enimlaboreullam.png?size=200x200&set=set1,FALSE
53341,lbalcock5k,Lutero,Balcock,lbalcock5k@bing.com,45 Hallows Drive,u222-029:66yz,https://robohash.org/adatqueest.png?size=200x200&set=set1,FALSE
47304,ajuara5l,Arabele,Juara,ajuara5l@vkontakte.ru,792 Lukken Point,j222-710:69zv,https://robohash.org/repellatvoluptatumdolor.png?size=200x200&set=set1,FALSE
71282,lleads5m,Lorenzo,Leads,lleads5m@ftc.gov,2033 Drewry Park,b222-881:45zl,https://robohash.org/temporibusfugaaut.png?size=200x200&set=set1,TRUE
72571,ggristock5n,Garfield,Gristock,ggristock5n@home.pl,5 Maple Hill,b222-141:35yc,https://robohash.org/totamnullaenim.png?size=200x200&set=set1,FALSE
36201,lellams5o,Laurie,Ellams,lellams5o@fotki.com,696 Hauk Terrace,f222-307:72if,https://robohash.org/laboriosamplaceatdolor.png?size=200x200&set=set1,FALSE
65292,cbartolozzi5p,Caprice,Bartolozzi,cbartolozzi5p@symantec.com,65 Charing Cross Center,t222-156:62ta,https://robohash.org/etquaslaborum.png?size=200x200&set=set1,FALSE
98948,ikummerlowe5q,Iolanthe,Kummerlowe,ikummerlowe5q@hatena.ne.jp,908 Carey Center,c222-377:93fj,https://robohash.org/perferendissolutaitaque.png?size=200x200&set=set1,FALSE
79149,jcottill5r,Janot,Cottill,jcottill5r@163.com,18 Jana Place,i222-746:35ud,https://robohash.org/evenieteumcupiditate.png?size=200x200&set=set1,TRUE
82725,mroffe5s,Montgomery,Roffe,mroffe5s@meetup.com,0 Dakota Street,c222-277:08st,https://robohash.org/quiarchitectout.png?size=200x200&set=set1,TRUE
42527,gleadbeatter5t,Gaspard,Leadbeatter,gleadbeatter5t@bravesites.com,60 Mandrake Center,q222-506:94et,https://robohash.org/praesentiumdebitismaxime.png?size=200x200&set=set1,FALSE
99538,mcurran5u,Marnia,Curran,mcurran5u@vk.com,4 Continental Lane,b222-157:54mu,https://robohash.org/quoitaquepraesentium.png?size=200x200&set=set1,FALSE
27161,lkellitt5v,Luisa,Kellitt,lkellitt5v@rediff.com,20144 Fremont Place,b222-653:32bg,https://robohash.org/teneturquibusdamdeleniti.png?size=200x200&set=set1,TRUE
37651,ubrum5w,Ursala,Brum,ubrum5w@furl.net,55 Glacier Hill Lane,g222-172:17wo,https://robohash.org/fugaharumaut.png?size=200x200&set=set1,TRUE
34769,bgetty5x,Becka,Getty,bgetty5x@bravesites.com,71429 Old Gate Crossing,u222-936:83wi,https://robohash.org/omnisvoluptatemaut.png?size=200x200&set=set1,FALSE
28141,jshercliff5y,Julieta,Shercliff,jshercliff5y@i2i.jp,1 High Crossing Plaza,c222-732:63od,https://robohash.org/officiisutodio.png?size=200x200&set=set1,TRUE
51451,nnitto5z,Nathanael,Nitto,nnitto5z@xrea.com,197 Emmet Park,e222-952:01mi,https://robohash.org/consecteturnullaesse.png?size=200x200&set=set1,FALSE
5437,gsircombe60,Grier,Sircombe,gsircombe60@accuweather.com,8 Donald Place,u222-259:77bm,https://robohash.org/explicaboquibusdampraesentium.png?size=200x200&set=set1,FALSE
84396,dmartins61,Dorian,Martins,dmartins61@reuters.com,0380 Mayfield Terrace,k222-341:32vu,https://robohash.org/tenetureiusdolorum.png?size=200x200&set=set1,FALSE
83362,dlindberg62,Dalia,Lindberg,dlindberg62@aol.com,87 Sachs Trail,d222-266:20gx,https://robohash.org/quidemvoluptatumlaudantium.png?size=200x200&set=set1,FALSE
57179,jvossing63,Jarvis,Vossing,jvossing63@uiuc.edu,27 Di Loreto Circle,m222-617:28sk,https://robohash.org/namconsequaturexcepturi.png?size=200x200&set=set1,TRUE
51085,chadwick64,Ced,Hadwick,chadwick64@biblegateway.com,50571 Springview Park,g222-340:02fv,https://robohash.org/dignissimosrerumreprehenderit.png?size=200x200&set=set1,TRUE
82958,bhymer65,Brittaney,Hymer,bhymer65@stanford.edu,78049 Burning Wood Center,d222-506:82zp,https://robohash.org/autesseblanditiis.png?size=200x200&set=set1,FALSE
9734,scarhart66,Stefan,Carhart,scarhart66@google.com,9134 Magdeline Avenue,r222-237:82gr,https://robohash.org/molestiaerecusandaealias.png?size=200x200&set=set1,FALSE
49140,nstairmand67,Nicky,Stairmand,nstairmand67@accuweather.com,5 Corscot Avenue,u222-653:62zu,https://robohash.org/quiaquoautem.png?size=200x200&set=set1,FALSE
19235,kslowcock68,Kay,Slowcock,kslowcock68@shutterfly.com,727 Prairieview Trail,w222-648:70hp,https://robohash.org/providentnihilquis.png?size=200x200&set=set1,FALSE
72196,hkennady69,Herrick,Kennady,hkennady69@buzzfeed.com,4494 Chinook Alley,u222-892:52nh,https://robohash.org/consecteturfacereet.png?size=200x200&set=set1,TRUE
1152,pcorradi6a,Pavel,Corradi,pcorradi6a@salon.com,2 Buhler Trail,g222-319:81yw,https://robohash.org/atetassumenda.png?size=200x200&set=set1,TRUE
78455,wjewson6b,Wynny,Jewson,wjewson6b@blog.com,83 Dayton Plaza,d222-025:22qp,https://robohash.org/laboreestqui.png?size=200x200&set=set1,TRUE
66285,hshiers6c,Harman,Shiers,hshiers6c@tripod.com,22 Dottie Point,j222-526:44wp,https://robohash.org/laborumomnisrepudiandae.png?size=200x200&set=set1,FALSE
14185,aiacobacci6d,Arlin,Iacobacci,aiacobacci6d@clickbank.net,3298 Green Terrace,u222-384:16sx,https://robohash.org/sedetfugiat.png?size=200x200&set=set1,TRUE
36295,erose6e,Elsie,Rose,erose6e@smh.com.au,040 Lakewood Gardens Way,f222-482:48oz,https://robohash.org/exetaliquam.png?size=200x200&set=set1,TRUE
35817,afibbit6f,Addi,Fibbit,afibbit6f@feedburner.com,73 Summerview Drive,x222-720:03yr,https://robohash.org/ametpariaturnihil.png?size=200x200&set=set1,TRUE
51341,lhoffmann6g,Luci,Hoffmann,lhoffmann6g@squarespace.com,442 Victoria Circle,p222-655:58ne,https://robohash.org/estblanditiisincidunt.png?size=200x200&set=set1,TRUE
27821,dmaccolgan6h,Dulcy,MacColgan,dmaccolgan6h@barnesandnoble.com,3080 Morningstar Way,o222-230:83lk,https://robohash.org/fugiatquisdolores.png?size=200x200&set=set1,TRUE
80960,bantonnikov6i,Babita,Antonnikov,bantonnikov6i@wikia.com,61 Elmside Lane,w222-437:70ox,https://robohash.org/estminimaarchitecto.png?size=200x200&set=set1,TRUE
40100,bharm6j,Berkley,Harm,bharm6j@usnews.com,247 Bluestem Crossing,o222-338:00vk,https://robohash.org/utiddolorum.png?size=200x200&set=set1,TRUE
33187,avonhindenburg6k,Abigael,Von Hindenburg,avonhindenburg6k@shareasale.com,684 Crowley Trail,p222-464:45eu,https://robohash.org/similiquemolestiaeoptio.png?size=200x200&set=set1,TRUE
19509,minman6l,Merline,Inman,minman6l@twitpic.com,5670 Ronald Regan Park,b222-521:71gp,https://robohash.org/rerumverovoluptatem.png?size=200x200&set=set1,FALSE
29186,gdodamead6m,Ginnifer,Dodamead,gdodamead6m@i2i.jp,55 Saint Paul Street,t222-395:37zo,https://robohash.org/temporeaccusantiumnostrum.png?size=200x200&set=set1,TRUE
89427,fgrieveson6n,Frankie,Grieveson,fgrieveson6n@newsvine.com,58184 Shelley Crossing,o222-894:95pd,https://robohash.org/eligendiquoperspiciatis.png?size=200x200&set=set1,TRUE
44783,pmatignon6o,Page,Matignon,pmatignon6o@ebay.co.uk,922 Delaware Parkway,b222-326:22gn,https://robohash.org/undecupiditatemaiores.png?size=200x200&set=set1,TRUE
57655,ialyokhin6p,Ingeberg,Alyokhin,ialyokhin6p@so-net.ne.jp,0 Bashford Plaza,s222-445:51pg,https://robohash.org/veniamaspernatura.png?size=200x200&set=set1,FALSE
71854,svardy6q,Selig,Vardy,svardy6q@eventbrite.com,475 Katie Junction,r222-641:27fz,https://robohash.org/reprehenderitprovidentquia.png?size=200x200&set=set1,TRUE
30021,acarreck6r,Arch,Carreck,acarreck6r@illinois.edu,118 Packers Center,w222-678:45zb,https://robohash.org/similiquecorporisofficia.png?size=200x200&set=set1,TRUE
40791,rwiszniewski6s,Rachael,Wiszniewski,rwiszniewski6s@nymag.com,684 Larry Avenue,z222-294:30hg,https://robohash.org/isteametet.png?size=200x200&set=set1,FALSE
17185,bmacevilly6t,Bridgette,MacEvilly,bmacevilly6t@deviantart.com,0 Sycamore Road,w222-493:44fv,https://robohash.org/possimusutea.png?size=200x200&set=set1,FALSE
64192,cpeploe6u,Corinna,Peploe,cpeploe6u@indiatimes.com,9 Granby Road,u222-590:78wh,https://robohash.org/nesciuntsitenim.png?size=200x200&set=set1,TRUE
25186,foglesbee6v,Field,Oglesbee,foglesbee6v@plala.or.jp,78 Oak Valley Center,c222-653:80ry,https://robohash.org/necessitatibusanimivoluptatum.png?size=200x200&set=set1,FALSE
37695,edeschlein6w,Erminia,Deschlein,edeschlein6w@istockphoto.com,2384 Vahlen Road,w222-253:32oi,https://robohash.org/etdolorepraesentium.png?size=200x200&set=set1,FALSE
12664,qmurphy6x,Quint,Murphy,qmurphy6x@wiley.com,0 Logan Trail,i222-411:16su,https://robohash.org/laudantiumabharum.png?size=200x200&set=set1,FALSE
80761,kcurrell6y,Katrinka,Currell,kcurrell6y@thetimes.co.uk,3 Hermina Park,o222-865:82sr,https://robohash.org/uteumofficiis.png?size=200x200&set=set1,TRUE
12654,jkolushev6z,Jamal,Kolushev,jkolushev6z@salon.com,1402 Dunning Parkway,k222-284:07ti,https://robohash.org/consequaturnumquamnobis.png?size=200x200&set=set1,FALSE
29534,dpail70,Dora,Pail,dpail70@cocolog-nifty.com,8 Sunbrook Point,m222-869:17ua,https://robohash.org/eligendiveritatislabore.png?size=200x200&set=set1,FALSE
59793,amarquiss71,Astrix,Marquiss,amarquiss71@bigcartel.com,47 Anderson Street,m222-964:47ge,https://robohash.org/dolorquodarchitecto.png?size=200x200&set=set1,FALSE
9440,kguiver72,Koo,Guiver,kguiver72@storify.com,33793 Menomonie Terrace,d222-783:20yq,https://robohash.org/veroetsed.png?size=200x200&set=set1,FALSE
22319,plipscomb73,Phaidra,Lipscomb,plipscomb73@sohu.com,98645 Lukken Road,j222-740:66pe,https://robohash.org/quivoluptasomnis.png?size=200x200&set=set1,FALSE
1872,tsimmings74,Terrence,Simmings,tsimmings74@techcrunch.com,835 Doe Crossing Way,z222-796:06gc,https://robohash.org/eumeumdistinctio.png?size=200x200&set=set1,FALSE
76046,pcorbould75,Philbert,Corbould,pcorbould75@aboutads.info,92 Eastwood Circle,r222-717:85ux,https://robohash.org/officiisipsamet.png?size=200x200&set=set1,TRUE
48142,mwilacot76,Merralee,Wilacot,mwilacot76@ifeng.com,22 Bonner Road,l222-865:85xm,https://robohash.org/culpainut.png?size=200x200&set=set1,FALSE
63221,wmaton77,Wynn,Maton,wmaton77@opera.com,80 Grasskamp Pass,a222-676:69bo,https://robohash.org/distinctiomaioresab.png?size=200x200&set=set1,FALSE
49210,tstockhill78,Teddi,Stockhill,tstockhill78@yolasite.com,09959 Marquette Crossing,s222-429:41co,https://robohash.org/aliquameaqueasperiores.png?size=200x200&set=set1,TRUE
25067,cbarajaz79,Cyril,Barajaz,cbarajaz79@eepurl.com,92465 Forest Run Road,a222-061:43gq,https://robohash.org/recusandaeutcum.png?size=200x200&set=set1,FALSE
93414,mbraxay7a,Morlee,Braxay,mbraxay7a@bbb.org,622 Toban Way,y222-878:76go,https://robohash.org/impeditipsumatque.png?size=200x200&set=set1,TRUE
69174,gthreadgold7b,Gussie,Threadgold,gthreadgold7b@simplemachines.org,69 Banding Lane,j222-533:58fe,https://robohash.org/abnisiomnis.png?size=200x200&set=set1,FALSE
13599,sgloy7c,Susanetta,Gloy,sgloy7c@cargocollective.com,2 Brentwood Point,v222-385:64eh,https://robohash.org/utquaeatque.png?size=200x200&set=set1,TRUE
76794,ldubbin7d,Lorette,Dubbin,ldubbin7d@qq.com,600 Buhler Street,p222-709:21je,https://robohash.org/solutaetexcepturi.png?size=200x200&set=set1,TRUE
9682,mdowbiggin7e,Melisandra,Dowbiggin,mdowbiggin7e@surveymonkey.com,4983 Hudson Pass,s222-083:14pv,https://robohash.org/idexpeditareprehenderit.png?size=200x200&set=set1,FALSE
80876,mhambrick7f,Marylin,Hambrick,mhambrick7f@latimes.com,116 Kennedy Hill,l222-553:61vb,https://robohash.org/autautlaborum.png?size=200x200&set=set1,TRUE
3811,afetherstan7g,Addi,Fetherstan,afetherstan7g@yellowbook.com,78970 Quincy Plaza,m222-673:07eo,https://robohash.org/facereautanimi.png?size=200x200&set=set1,FALSE
53396,rmizzi7h,Rita,Mizzi,rmizzi7h@google.ru,1 Troy Street,t222-498:52tp,https://robohash.org/etexcepturiexercitationem.png?size=200x200&set=set1,FALSE
22748,dcotta7i,Dorena,Cotta,dcotta7i@cdc.gov,95 2nd Pass,b222-232:02tg,https://robohash.org/eligendiverorecusandae.png?size=200x200&set=set1,TRUE
45364,jdoblin7j,Junette,Doblin,jdoblin7j@nifty.com,97 Cambridge Hill,f222-525:17es,https://robohash.org/veroexomnis.png?size=200x200&set=set1,FALSE
71942,jesgate7k,Janette,Esgate,jesgate7k@cpanel.net,035 Thierer Junction,x222-949:55ri,https://robohash.org/explicabovoluptatemminima.png?size=200x200&set=set1,TRUE
35637,fcanon7l,Freddie,Canon,fcanon7l@flavors.me,0 Paget Avenue,f222-196:57lb,https://robohash.org/similiqueveniamipsam.png?size=200x200&set=set1,TRUE
46908,lcockell7m,Lynne,Cockell,lcockell7m@washingtonpost.com,07 Dayton Lane,u222-296:21hd,https://robohash.org/harumdolorumet.png?size=200x200&set=set1,TRUE
20706,lmacparlan7n,Lucais,MacParlan,lmacparlan7n@yahoo.com,928 Steensland Alley,q222-376:79ze,https://robohash.org/enimutad.png?size=200x200&set=set1,TRUE
17391,lscougall7o,Lindsy,Scougall,lscougall7o@mlb.com,91539 Banding Drive,n222-298:77wx,https://robohash.org/eosquidemut.png?size=200x200&set=set1,TRUE
39535,jsmeed7p,Judah,Smeed,jsmeed7p@cisco.com,96382 East Drive,q222-569:83tz,https://robohash.org/eavelitdoloremque.png?size=200x200&set=set1,TRUE
44603,relletson7q,Roth,Elletson,relletson7q@51.la,1164 Mallory Road,e222-756:46dg,https://robohash.org/dictasititaque.png?size=200x200&set=set1,TRUE
63830,rmccalister7r,Roby,McCalister,rmccalister7r@ning.com,871 Haas Junction,x222-048:37lh,https://robohash.org/porrorecusandaeaperiam.png?size=200x200&set=set1,TRUE
3922,ddacre7s,Dylan,Dacre,ddacre7s@homestead.com,5998 Meadow Vale Drive,n222-261:74qh,https://robohash.org/iurererumsequi.png?size=200x200&set=set1,FALSE
50955,csaker7t,Colan,Saker,csaker7t@google.com.br,2938 Pawling Lane,c222-230:72wd,https://robohash.org/quisautnam.png?size=200x200&set=set1,TRUE
86057,tpinder7u,Tatiania,Pinder,tpinder7u@smugmug.com,1605 Spenser Trail,m222-871:26gr,https://robohash.org/eoscumquedignissimos.png?size=200x200&set=set1,FALSE
17534,dswinn7v,Domingo,Swinn,dswinn7v@patch.com,15997 Marcy Point,q222-268:37sy,https://robohash.org/nonvoluptateveniam.png?size=200x200&set=set1,TRUE
68583,jdavenall7w,Justine,Davenall,jdavenall7w@amazonaws.com,8618 Amoth Road,w222-030:73oh,https://robohash.org/etexut.png?size=200x200&set=set1,FALSE
26422,bray7x,Buiron,Ray,bray7x@epa.gov,88035 Glacier Hill Circle,u222-932:54bw,https://robohash.org/ipsasaepein.png?size=200x200&set=set1,FALSE
10375,hcoard7y,Holmes,Coard,hcoard7y@i2i.jp,10 Larry Lane,q222-602:62hv,https://robohash.org/quietaliquam.png?size=200x200&set=set1,FALSE
81715,sbeachem7z,Shara,Beachem,sbeachem7z@mozilla.com,19802 Oriole Trail,w222-669:58vp,https://robohash.org/illumetest.png?size=200x200&set=set1,FALSE
15136,nriccardelli80,Noak,Riccardelli,nriccardelli80@google.nl,91 Bowman Place,h222-986:45vt,https://robohash.org/namimpeditsunt.png?size=200x200&set=set1,TRUE
7816,apieters81,Angel,Pieters,apieters81@zimbio.com,98 Elgar Trail,q222-963:73oj,https://robohash.org/architectovoluptasaut.png?size=200x200&set=set1,FALSE
71692,mhoyle82,Mauricio,Hoyle,mhoyle82@ucsd.edu,3863 Evergreen Pass,a222-035:66dc,https://robohash.org/delenititemporibusenim.png?size=200x200&set=set1,FALSE
91986,sandreopolos83,Stephanus,Andreopolos,sandreopolos83@printfriendly.com,66639 Sommers Center,t222-213:09um,https://robohash.org/ametaccusantiumin.png?size=200x200&set=set1,TRUE
99410,ccolumbell84,Cary,Columbell,ccolumbell84@loc.gov,28 Blaine Lane,e222-218:13jg,https://robohash.org/idestcorrupti.png?size=200x200&set=set1,TRUE
44590,hgeipel85,Honoria,Geipel,hgeipel85@cornell.edu,80879 Butternut Alley,n222-868:11ux,https://robohash.org/sintvelullam.png?size=200x200&set=set1,TRUE
12031,probertsen86,Peder,Robertsen,probertsen86@earthlink.net,1170 Lien Parkway,f222-280:69qp,https://robohash.org/eiusquiaaliquid.png?size=200x200&set=set1,TRUE
11876,cchetwind87,Cordy,Chetwind,cchetwind87@icio.us,6734 Butterfield Hill,i222-376:57qy,https://robohash.org/totamdoloribusquod.png?size=200x200&set=set1,TRUE
78770,awhittingham88,Alta,Whittingham,awhittingham88@discuz.net,262 Golf Junction,u222-875:15iy,https://robohash.org/optioinlaudantium.png?size=200x200&set=set1,FALSE
52345,cstairmand89,Charil,Stairmand,cstairmand89@indiegogo.com,8 7th Alley,f222-083:70op,https://robohash.org/sitrationeamet.png?size=200x200&set=set1,TRUE
52207,wosmond8a,Wilton,Osmond,wosmond8a@toplist.cz,947 Bellgrove Pass,z222-850:44gi,https://robohash.org/nisisuntinventore.png?size=200x200&set=set1,TRUE
13138,agurry8b,Albrecht,Gurry,agurry8b@economist.com,485 Huxley Road,q222-276:05lh,https://robohash.org/eosarchitectoaliquid.png?size=200x200&set=set1,TRUE